{
  "name": "classifier",
  "version": 1,
  "filename": "classifier_v1.pkl",
  "path": "C:\\Users\\AMD\\Desktop\\SE_AI_proj\\backend\\app\\..\\ml_models\\classifier_v1.pkl",
  "trained_at": "2026-04-18T13:33:44.197066+00:00",
  "source": "synthetic_bootstrap",
  "metrics": {
    "accuracy": 0.875,
    "precision": 0.0,
    "recall": 0.0,
    "f1_score": 0.0,
    "roc_auc": 0.7086,
    "confusion_matrix": [
      [
        35,
        0
      ],
      [
        5,
        0
      ]
    ],
    "roc_curve": {
      "fpr": [
        0.0,
        0.02857142857142857,
        0.02857142857142857,
        0.17142857142857143,
        0.17142857142857143,
        0.34285714285714286,
        0.34285714285714286,
        0.37142857142857144,
        0.37142857142857144,
        0.5428571428571428,
        0.5428571428571428,
        0.6571428571428571,
        0.7142857142857143,
        0.8,
        0.9714285714285714,
        1.0
      ],
      "tpr": [
        0.0,
        0.0,
        0.2,
        0.2,
        0.4,
        0.4,
        0.6,
        0.6,
        0.8,
        0.8,
        1.0,
        1.0,
        1.0,
        1.0,
        1.0,
        1.0
      ]
    },
    "classification_report": {
      "0": {
        "precision": 0.875,
        "recall": 1.0,
        "f1-score": 0.9333333333333333,
        "support": 35.0
      },
      "1": {
        "precision": 0.0,
        "recall": 0.0,
        "f1-score": 0.0,
        "support": 5.0
      },
      "accuracy": 0.875,
      "macro avg": {
        "precision": 0.4375,
        "recall": 0.5,
        "f1-score": 0.4666666666666667,
        "support": 40.0
      },
      "weighted avg": {
        "precision": 0.765625,
        "recall": 0.875,
        "f1-score": 0.8166666666666667,
        "support": 40.0
      }
    }
  }
}